"Count","ZBytes","MsgBytes","OutBits","StartCycle","DoneCycle","Cycles","ThroughputMbps"
"1","0","0","512","3","184","181","0"
"2","1","0","512","187","368","181","0"
"3","2","0","512","371","552","181","0"
"4","3","0","512","555","736","181","0"
"5","4","0","512","739","920","181","0"
"6","5","0","512","923","1104","181","0"
"7","6","0","512","1107","1288","181","0"
"8","7","0","512","1291","1472","181","0"
"9","8","0","512","1475","1674","199","0"
"10","9","0","512","1677","1876","199","0"
"11","10","0","512","1879","2078","199","0"
"12","11","0","512","2081","2280","199","0"
"13","12","0","512","2283","2482","199","0"
"14","13","0","512","2485","2684","199","0"
"15","14","0","512","2687","2886","199","0"
"16","15","0","512","2889","3088","199","0"
"17","16","0","512","3091","3308","217","0"
"18","17","0","512","3311","3528","217","0"
"19","18","0","512","3531","3748","217","0"
"20","19","0","512","3751","3968","217","0"
"21","20","0","512","3971","4188","217","0"
"22","21","0","512","4191","4408","217","0"
"23","22","0","512","4411","4628","217","0"
"24","23","0","512","4631","4848","217","0"
"25","24","0","512","4851","5086","235","0"
"26","25","0","512","5089","5324","235","0"
"27","26","0","512","5327","5562","235","0"
"28","27","0","512","5565","5800","235","0"
"29","28","0","512","5803","6038","235","0"
"30","29","0","512","6041","6276","235","0"
"31","30","0","512","6279","6514","235","0"
"32","31","0","512","6517","6752","235","0"
"33","32","0","512","6755","7008","253","0"
"34","0","1","512","7011","7192","181","4.41989"
"35","1","1","512","7195","7376","181","4.41989"
"36","2","1","512","7379","7560","181","4.41989"
"37","3","1","512","7563","7744","181","4.41989"
"38","4","1","512","7747","7928","181","4.41989"
"39","5","1","512","7931","8112","181","4.41989"
"40","6","1","512","8115","8296","181","4.41989"
"41","7","1","512","8299","8480","181","4.41989"
"42","8","1","512","8483","8682","199","4.020101"
"43","9","1","512","8685","8884","199","4.020101"
"44","10","1","512","8887","9086","199","4.020101"
"45","11","1","512","9089","9288","199","4.020101"
"46","12","1","512","9291","9490","199","4.020101"
"47","13","1","512","9493","9692","199","4.020101"
"48","14","1","512","9695","9894","199","4.020101"
"49","15","1","512","9897","10096","199","4.020101"
"50","16","1","512","10099","10316","217","3.686636"
"51","17","1","512","10319","10536","217","3.686636"
"52","18","1","512","10539","10756","217","3.686636"
"53","19","1","512","10759","10976","217","3.686636"
"54","20","1","512","10979","11196","217","3.686636"
"55","21","1","512","11199","11416","217","3.686636"
"56","22","1","512","11419","11636","217","3.686636"
"57","23","1","512","11639","11856","217","3.686636"
"58","24","1","512","11859","12094","235","3.404255"
"59","25","1","512","12097","12332","235","3.404255"
"60","26","1","512","12335","12570","235","3.404255"
"61","27","1","512","12573","12808","235","3.404255"
"62","28","1","512","12811","13046","235","3.404255"
"63","29","1","512","13049","13284","235","3.404255"
"64","30","1","512","13287","13522","235","3.404255"
"65","31","1","512","13525","13760","235","3.404255"
"66","32","1","512","13763","14016","253","3.162055"
"67","0","2","512","14019","14200","181","8.839779"
"68","1","2","512","14203","14384","181","8.839779"
"69","2","2","512","14387","14568","181","8.839779"
"70","3","2","512","14571","14752","181","8.839779"
"71","4","2","512","14755","14936","181","8.839779"
"72","5","2","512","14939","15120","181","8.839779"
"73","6","2","512","15123","15304","181","8.839779"
"74","7","2","512","15307","15488","181","8.839779"
"75","8","2","512","15491","15690","199","8.040201"
"76","9","2","512","15693","15892","199","8.040201"
"77","10","2","512","15895","16094","199","8.040201"
"78","11","2","512","16097","16296","199","8.040201"
"79","12","2","512","16299","16498","199","8.040201"
"80","13","2","512","16501","16700","199","8.040201"
"81","14","2","512","16703","16902","199","8.040201"
"82","15","2","512","16905","17104","199","8.040201"
"83","16","2","512","17107","17324","217","7.373272"
"84","17","2","512","17327","17544","217","7.373272"
"85","18","2","512","17547","17764","217","7.373272"
"86","19","2","512","17767","17984","217","7.373272"
"87","20","2","512","17987","18204","217","7.373272"
"88","21","2","512","18207","18424","217","7.373272"
"89","22","2","512","18427","18644","217","7.373272"
"90","23","2","512","18647","18864","217","7.373272"
"91","24","2","512","18867","19102","235","6.808511"
"92","25","2","512","19105","19340","235","6.808511"
"93","26","2","512","19343","19578","235","6.808511"
"94","27","2","512","19581","19816","235","6.808511"
"95","28","2","512","19819","20054","235","6.808511"
"96","29","2","512","20057","20292","235","6.808511"
"97","30","2","512","20295","20530","235","6.808511"
"98","31","2","512","20533","20768","235","6.808511"
"99","32","2","512","20771","21024","253","6.324111"
"100","0","3","512","21027","21208","181","13.259669"
"101","1","3","512","21211","21392","181","13.259669"
"102","2","3","512","21395","21576","181","13.259669"
"103","3","3","512","21579","21760","181","13.259669"
"104","4","3","512","21763","21944","181","13.259669"
"105","5","3","512","21947","22128","181","13.259669"
"106","6","3","512","22131","22312","181","13.259669"
"107","7","3","512","22315","22496","181","13.259669"
"108","8","3","512","22499","22698","199","12.060302"
"109","9","3","512","22701","22900","199","12.060302"
"110","10","3","512","22903","23102","199","12.060302"
"111","11","3","512","23105","23304","199","12.060302"
"112","12","3","512","23307","23506","199","12.060302"
"113","13","3","512","23509","23708","199","12.060302"
"114","14","3","512","23711","23910","199","12.060302"
"115","15","3","512","23913","24112","199","12.060302"
"116","16","3","512","24115","24332","217","11.059908"
"117","17","3","512","24335","24552","217","11.059908"
"118","18","3","512","24555","24772","217","11.059908"
"119","19","3","512","24775","24992","217","11.059908"
"120","20","3","512","24995","25212","217","11.059908"
"121","21","3","512","25215","25432","217","11.059908"
"122","22","3","512","25435","25652","217","11.059908"
"123","23","3","512","25655","25872","217","11.059908"
"124","24","3","512","25875","26110","235","10.212766"
"125","25","3","512","26113","26348","235","10.212766"
"126","26","3","512","26351","26586","235","10.212766"
"127","27","3","512","26589","26824","235","10.212766"
"128","28","3","512","26827","27062","235","10.212766"
"129","29","3","512","27065","27300","235","10.212766"
"130","30","3","512","27303","27538","235","10.212766"
"131","31","3","512","27541","27776","235","10.212766"
"132","32","3","512","27779","28032","253","9.486166"
"133","0","4","512","28035","28216","181","17.679558"
"134","1","4","512","28219","28400","181","17.679558"
"135","2","4","512","28403","28584","181","17.679558"
"136","3","4","512","28587","28768","181","17.679558"
"137","4","4","512","28771","28952","181","17.679558"
"138","5","4","512","28955","29136","181","17.679558"
"139","6","4","512","29139","29320","181","17.679558"
"140","7","4","512","29323","29504","181","17.679558"
"141","8","4","512","29507","29706","199","16.080402"
"142","9","4","512","29709","29908","199","16.080402"
"143","10","4","512","29911","30110","199","16.080402"
"144","11","4","512","30113","30312","199","16.080402"
"145","12","4","512","30315","30514","199","16.080402"
"146","13","4","512","30517","30716","199","16.080402"
"147","14","4","512","30719","30918","199","16.080402"
"148","15","4","512","30921","31120","199","16.080402"
"149","16","4","512","31123","31340","217","14.746544"
"150","17","4","512","31343","31560","217","14.746544"
"151","18","4","512","31563","31780","217","14.746544"
"152","19","4","512","31783","32000","217","14.746544"
"153","20","4","512","32003","32220","217","14.746544"
"154","21","4","512","32223","32440","217","14.746544"
"155","22","4","512","32443","32660","217","14.746544"
"156","23","4","512","32663","32880","217","14.746544"
"157","24","4","512","32883","33118","235","13.617021"
"158","25","4","512","33121","33356","235","13.617021"
"159","26","4","512","33359","33594","235","13.617021"
"160","27","4","512","33597","33832","235","13.617021"
"161","28","4","512","33835","34070","235","13.617021"
"162","29","4","512","34073","34308","235","13.617021"
"163","30","4","512","34311","34546","235","13.617021"
"164","31","4","512","34549","34784","235","13.617021"
"165","32","4","512","34787","35040","253","12.648221"
"166","0","5","512","35043","35224","181","22.099448"
"167","1","5","512","35227","35408","181","22.099448"
"168","2","5","512","35411","35592","181","22.099448"
"169","3","5","512","35595","35776","181","22.099448"
"170","4","5","512","35779","35960","181","22.099448"
"171","5","5","512","35963","36144","181","22.099448"
"172","6","5","512","36147","36328","181","22.099448"
"173","7","5","512","36331","36512","181","22.099448"
"174","8","5","512","36515","36714","199","20.100503"
"175","9","5","512","36717","36916","199","20.100503"
"176","10","5","512","36919","37118","199","20.100503"
"177","11","5","512","37121","37320","199","20.100503"
"178","12","5","512","37323","37522","199","20.100503"
"179","13","5","512","37525","37724","199","20.100503"
"180","14","5","512","37727","37926","199","20.100503"
"181","15","5","512","37929","38128","199","20.100503"
"182","16","5","512","38131","38348","217","18.43318"
"183","17","5","512","38351","38568","217","18.43318"
"184","18","5","512","38571","38788","217","18.43318"
"185","19","5","512","38791","39008","217","18.43318"
"186","20","5","512","39011","39228","217","18.43318"
"187","21","5","512","39231","39448","217","18.43318"
"188","22","5","512","39451","39668","217","18.43318"
"189","23","5","512","39671","39888","217","18.43318"
"190","24","5","512","39891","40126","235","17.021277"
"191","25","5","512","40129","40364","235","17.021277"
"192","26","5","512","40367","40602","235","17.021277"
"193","27","5","512","40605","40840","235","17.021277"
"194","28","5","512","40843","41078","235","17.021277"
"195","29","5","512","41081","41316","235","17.021277"
"196","30","5","512","41319","41554","235","17.021277"
"197","31","5","512","41557","41792","235","17.021277"
"198","32","5","512","41795","42048","253","15.810277"
"199","0","6","512","42051","42232","181","26.519337"
"200","1","6","512","42235","42416","181","26.519337"
"201","2","6","512","42419","42600","181","26.519337"
"202","3","6","512","42603","42784","181","26.519337"
"203","4","6","512","42787","42968","181","26.519337"
"204","5","6","512","42971","43152","181","26.519337"
"205","6","6","512","43155","43336","181","26.519337"
"206","7","6","512","43339","43520","181","26.519337"
"207","8","6","512","43523","43722","199","24.120603"
"208","9","6","512","43725","43924","199","24.120603"
"209","10","6","512","43927","44126","199","24.120603"
"210","11","6","512","44129","44328","199","24.120603"
"211","12","6","512","44331","44530","199","24.120603"
"212","13","6","512","44533","44732","199","24.120603"
"213","14","6","512","44735","44934","199","24.120603"
"214","15","6","512","44937","45136","199","24.120603"
"215","16","6","512","45139","45356","217","22.119816"
"216","17","6","512","45359","45576","217","22.119816"
"217","18","6","512","45579","45796","217","22.119816"
"218","19","6","512","45799","46016","217","22.119816"
"219","20","6","512","46019","46236","217","22.119816"
"220","21","6","512","46239","46456","217","22.119816"
"221","22","6","512","46459","46676","217","22.119816"
"222","23","6","512","46679","46896","217","22.119816"
"223","24","6","512","46899","47134","235","20.425532"
"224","25","6","512","47137","47372","235","20.425532"
"225","26","6","512","47375","47610","235","20.425532"
"226","27","6","512","47613","47848","235","20.425532"
"227","28","6","512","47851","48086","235","20.425532"
"228","29","6","512","48089","48324","235","20.425532"
"229","30","6","512","48327","48562","235","20.425532"
"230","31","6","512","48565","48800","235","20.425532"
"231","32","6","512","48803","49056","253","18.972332"
"232","0","7","512","49059","49240","181","30.939227"
"233","1","7","512","49243","49424","181","30.939227"
"234","2","7","512","49427","49608","181","30.939227"
"235","3","7","512","49611","49792","181","30.939227"
"236","4","7","512","49795","49976","181","30.939227"
"237","5","7","512","49979","50160","181","30.939227"
"238","6","7","512","50163","50344","181","30.939227"
"239","7","7","512","50347","50528","181","30.939227"
"240","8","7","512","50531","50730","199","28.140704"
"241","9","7","512","50733","50932","199","28.140704"
"242","10","7","512","50935","51134","199","28.140704"
"243","11","7","512","51137","51336","199","28.140704"
"244","12","7","512","51339","51538","199","28.140704"
"245","13","7","512","51541","51740","199","28.140704"
"246","14","7","512","51743","51942","199","28.140704"
"247","15","7","512","51945","52144","199","28.140704"
"248","16","7","512","52147","52364","217","25.806452"
"249","17","7","512","52367","52584","217","25.806452"
"250","18","7","512","52587","52804","217","25.806452"
"251","19","7","512","52807","53024","217","25.806452"
"252","20","7","512","53027","53244","217","25.806452"
"253","21","7","512","53247","53464","217","25.806452"
"254","22","7","512","53467","53684","217","25.806452"
"255","23","7","512","53687","53904","217","25.806452"
"256","24","7","512","53907","54142","235","23.829787"
"257","25","7","512","54145","54380","235","23.829787"
"258","26","7","512","54383","54618","235","23.829787"
"259","27","7","512","54621","54856","235","23.829787"
"260","28","7","512","54859","55094","235","23.829787"
"261","29","7","512","55097","55332","235","23.829787"
"262","30","7","512","55335","55570","235","23.829787"
"263","31","7","512","55573","55808","235","23.829787"
"264","32","7","512","55811","56064","253","22.134387"
"265","0","8","512","56067","56266","199","32.160804"
"266","1","8","512","56269","56468","199","32.160804"
"267","2","8","512","56471","56670","199","32.160804"
"268","3","8","512","56673","56872","199","32.160804"
"269","4","8","512","56875","57074","199","32.160804"
"270","5","8","512","57077","57276","199","32.160804"
"271","6","8","512","57279","57478","199","32.160804"
"272","7","8","512","57481","57680","199","32.160804"
"273","8","8","512","57683","57900","217","29.493088"
"274","9","8","512","57903","58120","217","29.493088"
"275","10","8","512","58123","58340","217","29.493088"
"276","11","8","512","58343","58560","217","29.493088"
"277","12","8","512","58563","58780","217","29.493088"
"278","13","8","512","58783","59000","217","29.493088"
"279","14","8","512","59003","59220","217","29.493088"
"280","15","8","512","59223","59440","217","29.493088"
"281","16","8","512","59443","59678","235","27.234043"
"282","17","8","512","59681","59916","235","27.234043"
"283","18","8","512","59919","60154","235","27.234043"
"284","19","8","512","60157","60392","235","27.234043"
"285","20","8","512","60395","60630","235","27.234043"
"286","21","8","512","60633","60868","235","27.234043"
"287","22","8","512","60871","61106","235","27.234043"
"288","23","8","512","61109","61344","235","27.234043"
"289","24","8","512","61347","61600","253","25.296443"
"290","25","8","512","61603","61856","253","25.296443"
"291","26","8","512","61859","62112","253","25.296443"
"292","27","8","512","62115","62368","253","25.296443"
"293","28","8","512","62371","62624","253","25.296443"
"294","29","8","512","62627","62880","253","25.296443"
"295","30","8","512","62883","63136","253","25.296443"
"296","31","8","512","63139","63392","253","25.296443"
"297","32","8","512","63395","63666","271","23.616236"
"298","0","9","512","63669","63868","199","36.180905"
"299","1","9","512","63871","64070","199","36.180905"
"300","2","9","512","64073","64272","199","36.180905"
"301","3","9","512","64275","64474","199","36.180905"
"302","4","9","512","64477","64676","199","36.180905"
"303","5","9","512","64679","64878","199","36.180905"
"304","6","9","512","64881","65080","199","36.180905"
"305","7","9","512","65083","65282","199","36.180905"
"306","8","9","512","65285","65502","217","33.179724"
"307","9","9","512","65505","65722","217","33.179724"
"308","10","9","512","65725","65942","217","33.179724"
"309","11","9","512","65945","66162","217","33.179724"
"310","12","9","512","66165","66382","217","33.179724"
"311","13","9","512","66385","66602","217","33.179724"
"312","14","9","512","66605","66822","217","33.179724"
"313","15","9","512","66825","67042","217","33.179724"
"314","16","9","512","67045","67280","235","30.638298"
"315","17","9","512","67283","67518","235","30.638298"
"316","18","9","512","67521","67756","235","30.638298"
"317","19","9","512","67759","67994","235","30.638298"
"318","20","9","512","67997","68232","235","30.638298"
"319","21","9","512","68235","68470","235","30.638298"
"320","22","9","512","68473","68708","235","30.638298"
"321","23","9","512","68711","68946","235","30.638298"
"322","24","9","512","68949","69202","253","28.458498"
"323","25","9","512","69205","69458","253","28.458498"
"324","26","9","512","69461","69714","253","28.458498"
"325","27","9","512","69717","69970","253","28.458498"
"326","28","9","512","69973","70226","253","28.458498"
"327","29","9","512","70229","70482","253","28.458498"
"328","30","9","512","70485","70738","253","28.458498"
"329","31","9","512","70741","70994","253","28.458498"
"330","32","9","512","70997","71268","271","26.568266"
"331","0","10","512","71271","71470","199","40.201005"
"332","1","10","512","71473","71672","199","40.201005"
"333","2","10","512","71675","71874","199","40.201005"
"334","3","10","512","71877","72076","199","40.201005"
"335","4","10","512","72079","72278","199","40.201005"
"336","5","10","512","72281","72480","199","40.201005"
"337","6","10","512","72483","72682","199","40.201005"
"338","7","10","512","72685","72884","199","40.201005"
"339","8","10","512","72887","73104","217","36.866359"
"340","9","10","512","73107","73324","217","36.866359"
"341","10","10","512","73327","73544","217","36.866359"
"342","11","10","512","73547","73764","217","36.866359"
"343","12","10","512","73767","73984","217","36.866359"
"344","13","10","512","73987","74204","217","36.866359"
"345","14","10","512","74207","74424","217","36.866359"
"346","15","10","512","74427","74644","217","36.866359"
"347","16","10","512","74647","74882","235","34.042553"
"348","17","10","512","74885","75120","235","34.042553"
"349","18","10","512","75123","75358","235","34.042553"
"350","19","10","512","75361","75596","235","34.042553"
"351","20","10","512","75599","75834","235","34.042553"
"352","21","10","512","75837","76072","235","34.042553"
"353","22","10","512","76075","76310","235","34.042553"
"354","23","10","512","76313","76548","235","34.042553"
"355","24","10","512","76551","76804","253","31.620553"
"356","25","10","512","76807","77060","253","31.620553"
"357","26","10","512","77063","77316","253","31.620553"
"358","27","10","512","77319","77572","253","31.620553"
"359","28","10","512","77575","77828","253","31.620553"
"360","29","10","512","77831","78084","253","31.620553"
"361","30","10","512","78087","78340","253","31.620553"
"362","31","10","512","78343","78596","253","31.620553"
"363","32","10","512","78599","78870","271","29.520295"
"364","0","11","512","78873","79072","199","44.221106"
"365","1","11","512","79075","79274","199","44.221106"
"366","2","11","512","79277","79476","199","44.221106"
"367","3","11","512","79479","79678","199","44.221106"
"368","4","11","512","79681","79880","199","44.221106"
"369","5","11","512","79883","80082","199","44.221106"
"370","6","11","512","80085","80284","199","44.221106"
"371","7","11","512","80287","80486","199","44.221106"
"372","8","11","512","80489","80706","217","40.552995"
"373","9","11","512","80709","80926","217","40.552995"
"374","10","11","512","80929","81146","217","40.552995"
"375","11","11","512","81149","81366","217","40.552995"
"376","12","11","512","81369","81586","217","40.552995"
"377","13","11","512","81589","81806","217","40.552995"
"378","14","11","512","81809","82026","217","40.552995"
"379","15","11","512","82029","82246","217","40.552995"
"380","16","11","512","82249","82484","235","37.446809"
"381","17","11","512","82487","82722","235","37.446809"
"382","18","11","512","82725","82960","235","37.446809"
"383","19","11","512","82963","83198","235","37.446809"
"384","20","11","512","83201","83436","235","37.446809"
"385","21","11","512","83439","83674","235","37.446809"
"386","22","11","512","83677","83912","235","37.446809"
"387","23","11","512","83915","84150","235","37.446809"
"388","24","11","512","84153","84406","253","34.782609"
"389","25","11","512","84409","84662","253","34.782609"
"390","26","11","512","84665","84918","253","34.782609"
"391","27","11","512","84921","85174","253","34.782609"
"392","28","11","512","85177","85430","253","34.782609"
"393","29","11","512","85433","85686","253","34.782609"
"394","30","11","512","85689","85942","253","34.782609"
"395","31","11","512","85945","86198","253","34.782609"
"396","32","11","512","86201","86472","271","32.472325"
"397","0","12","512","86475","86674","199","48.241206"
"398","1","12","512","86677","86876","199","48.241206"
"399","2","12","512","86879","87078","199","48.241206"
"400","3","12","512","87081","87280","199","48.241206"
"401","4","12","512","87283","87482","199","48.241206"
"402","5","12","512","87485","87684","199","48.241206"
"403","6","12","512","87687","87886","199","48.241206"
"404","7","12","512","87889","88088","199","48.241206"
"405","8","12","512","88091","88308","217","44.239631"
"406","9","12","512","88311","88528","217","44.239631"
"407","10","12","512","88531","88748","217","44.239631"
"408","11","12","512","88751","88968","217","44.239631"
"409","12","12","512","88971","89188","217","44.239631"
"410","13","12","512","89191","89408","217","44.239631"
"411","14","12","512","89411","89628","217","44.239631"
"412","15","12","512","89631","89848","217","44.239631"
"413","16","12","512","89851","90086","235","40.851064"
"414","17","12","512","90089","90324","235","40.851064"
"415","18","12","512","90327","90562","235","40.851064"
"416","19","12","512","90565","90800","235","40.851064"
"417","20","12","512","90803","91038","235","40.851064"
"418","21","12","512","91041","91276","235","40.851064"
"419","22","12","512","91279","91514","235","40.851064"
"420","23","12","512","91517","91752","235","40.851064"
"421","24","12","512","91755","92008","253","37.944664"
"422","25","12","512","92011","92264","253","37.944664"
"423","26","12","512","92267","92520","253","37.944664"
"424","27","12","512","92523","92776","253","37.944664"
"425","28","12","512","92779","93032","253","37.944664"
"426","29","12","512","93035","93288","253","37.944664"
"427","30","12","512","93291","93544","253","37.944664"
"428","31","12","512","93547","93800","253","37.944664"
"429","32","12","512","93803","94074","271","35.424354"
"430","0","13","512","94077","94276","199","52.261307"
"431","1","13","512","94279","94478","199","52.261307"
"432","2","13","512","94481","94680","199","52.261307"
"433","3","13","512","94683","94882","199","52.261307"
"434","4","13","512","94885","95084","199","52.261307"
"435","5","13","512","95087","95286","199","52.261307"
"436","6","13","512","95289","95488","199","52.261307"
"437","7","13","512","95491","95690","199","52.261307"
"438","8","13","512","95693","95910","217","47.926267"
"439","9","13","512","95913","96130","217","47.926267"
"440","10","13","512","96133","96350","217","47.926267"
"441","11","13","512","96353","96570","217","47.926267"
"442","12","13","512","96573","96790","217","47.926267"
"443","13","13","512","96793","97010","217","47.926267"
"444","14","13","512","97013","97230","217","47.926267"
"445","15","13","512","97233","97450","217","47.926267"
"446","16","13","512","97453","97688","235","44.255319"
"447","17","13","512","97691","97926","235","44.255319"
"448","18","13","512","97929","98164","235","44.255319"
"449","19","13","512","98167","98402","235","44.255319"
"450","20","13","512","98405","98640","235","44.255319"
"451","21","13","512","98643","98878","235","44.255319"
"452","22","13","512","98881","99116","235","44.255319"
"453","23","13","512","99119","99354","235","44.255319"
"454","24","13","512","99357","99610","253","41.106719"
"455","25","13","512","99613","99866","253","41.106719"
"456","26","13","512","99869","100122","253","41.106719"
"457","27","13","512","100125","100378","253","41.106719"
"458","28","13","512","100381","100634","253","41.106719"
"459","29","13","512","100637","100890","253","41.106719"
"460","30","13","512","100893","101146","253","41.106719"
"461","31","13","512","101149","101402","253","41.106719"
"462","32","13","512","101405","101676","271","38.376384"
"463","0","14","512","101679","101878","199","56.281407"
"464","1","14","512","101881","102080","199","56.281407"
"465","2","14","512","102083","102282","199","56.281407"
"466","3","14","512","102285","102484","199","56.281407"
"467","4","14","512","102487","102686","199","56.281407"
"468","5","14","512","102689","102888","199","56.281407"
"469","6","14","512","102891","103090","199","56.281407"
"470","7","14","512","103093","103292","199","56.281407"
"471","8","14","512","103295","103512","217","51.612903"
"472","9","14","512","103515","103732","217","51.612903"
"473","10","14","512","103735","103952","217","51.612903"
"474","11","14","512","103955","104172","217","51.612903"
"475","12","14","512","104175","104392","217","51.612903"
"476","13","14","512","104395","104612","217","51.612903"
"477","14","14","512","104615","104832","217","51.612903"
"478","15","14","512","104835","105052","217","51.612903"
"479","16","14","512","105055","105290","235","47.659574"
"480","17","14","512","105293","105528","235","47.659574"
"481","18","14","512","105531","105766","235","47.659574"
"482","19","14","512","105769","106004","235","47.659574"
"483","20","14","512","106007","106242","235","47.659574"
"484","21","14","512","106245","106480","235","47.659574"
"485","22","14","512","106483","106718","235","47.659574"
"486","23","14","512","106721","106956","235","47.659574"
"487","24","14","512","106959","107212","253","44.268775"
"488","25","14","512","107215","107468","253","44.268775"
"489","26","14","512","107471","107724","253","44.268775"
"490","27","14","512","107727","107980","253","44.268775"
"491","28","14","512","107983","108236","253","44.268775"
"492","29","14","512","108239","108492","253","44.268775"
"493","30","14","512","108495","108748","253","44.268775"
"494","31","14","512","108751","109004","253","44.268775"
"495","32","14","512","109007","109278","271","41.328413"
"496","0","15","512","109281","109480","199","60.301508"
"497","1","15","512","109483","109682","199","60.301508"
"498","2","15","512","109685","109884","199","60.301508"
"499","3","15","512","109887","110086","199","60.301508"
"500","4","15","512","110089","110288","199","60.301508"
"501","5","15","512","110291","110490","199","60.301508"
"502","6","15","512","110493","110692","199","60.301508"
"503","7","15","512","110695","110894","199","60.301508"
"504","8","15","512","110897","111114","217","55.299539"
"505","9","15","512","111117","111334","217","55.299539"
"506","10","15","512","111337","111554","217","55.299539"
"507","11","15","512","111557","111774","217","55.299539"
"508","12","15","512","111777","111994","217","55.299539"
"509","13","15","512","111997","112214","217","55.299539"
"510","14","15","512","112217","112434","217","55.299539"
"511","15","15","512","112437","112654","217","55.299539"
"512","16","15","512","112657","112892","235","51.06383"
"513","17","15","512","112895","113130","235","51.06383"
"514","18","15","512","113133","113368","235","51.06383"
"515","19","15","512","113371","113606","235","51.06383"
"516","20","15","512","113609","113844","235","51.06383"
"517","21","15","512","113847","114082","235","51.06383"
"518","22","15","512","114085","114320","235","51.06383"
"519","23","15","512","114323","114558","235","51.06383"
"520","24","15","512","114561","114814","253","47.43083"
"521","25","15","512","114817","115070","253","47.43083"
"522","26","15","512","115073","115326","253","47.43083"
"523","27","15","512","115329","115582","253","47.43083"
"524","28","15","512","115585","115838","253","47.43083"
"525","29","15","512","115841","116094","253","47.43083"
"526","30","15","512","116097","116350","253","47.43083"
"527","31","15","512","116353","116606","253","47.43083"
"528","32","15","512","116609","116880","271","44.280443"
"529","0","16","512","116883","117100","217","58.986175"
"530","1","16","512","117103","117320","217","58.986175"
"531","2","16","512","117323","117540","217","58.986175"
"532","3","16","512","117543","117760","217","58.986175"
"533","4","16","512","117763","117980","217","58.986175"
"534","5","16","512","117983","118200","217","58.986175"
"535","6","16","512","118203","118420","217","58.986175"
"536","7","16","512","118423","118640","217","58.986175"
"537","8","16","512","118643","118878","235","54.468085"
"538","9","16","512","118881","119116","235","54.468085"
"539","10","16","512","119119","119354","235","54.468085"
"540","11","16","512","119357","119592","235","54.468085"
"541","12","16","512","119595","119830","235","54.468085"
"542","13","16","512","119833","120068","235","54.468085"
"543","14","16","512","120071","120306","235","54.468085"
"544","15","16","512","120309","120544","235","54.468085"
"545","16","16","512","120547","120800","253","50.592885"
"546","17","16","512","120803","121056","253","50.592885"
"547","18","16","512","121059","121312","253","50.592885"
"548","19","16","512","121315","121568","253","50.592885"
"549","20","16","512","121571","121824","253","50.592885"
"550","21","16","512","121827","122080","253","50.592885"
"551","22","16","512","122083","122336","253","50.592885"
"552","23","16","512","122339","122592","253","50.592885"
"553","24","16","512","122595","122866","271","47.232472"
"554","25","16","512","122869","123140","271","47.232472"
"555","26","16","512","123143","123414","271","47.232472"
"556","27","16","512","123417","123688","271","47.232472"
"557","28","16","512","123691","123962","271","47.232472"
"558","29","16","512","123965","124236","271","47.232472"
"559","30","16","512","124239","124510","271","47.232472"
"560","31","16","512","124513","124784","271","47.232472"
"561","32","16","512","124787","125076","289","44.290657"
"562","0","17","512","125079","125296","217","62.672811"
"563","1","17","512","125299","125516","217","62.672811"
"564","2","17","512","125519","125736","217","62.672811"
"565","3","17","512","125739","125956","217","62.672811"
"566","4","17","512","125959","126176","217","62.672811"
"567","5","17","512","126179","126396","217","62.672811"
"568","6","17","512","126399","126616","217","62.672811"
"569","7","17","512","126619","126836","217","62.672811"
"570","8","17","512","126839","127074","235","57.87234"
"571","9","17","512","127077","127312","235","57.87234"
"572","10","17","512","127315","127550","235","57.87234"
"573","11","17","512","127553","127788","235","57.87234"
"574","12","17","512","127791","128026","235","57.87234"
"575","13","17","512","128029","128264","235","57.87234"
"576","14","17","512","128267","128502","235","57.87234"
"577","15","17","512","128505","128740","235","57.87234"
"578","16","17","512","128743","128996","253","53.754941"
"579","17","17","512","128999","129252","253","53.754941"
"580","18","17","512","129255","129508","253","53.754941"
"581","19","17","512","129511","129764","253","53.754941"
"582","20","17","512","129767","130020","253","53.754941"
"583","21","17","512","130023","130276","253","53.754941"
"584","22","17","512","130279","130532","253","53.754941"
"585","23","17","512","130535","130788","253","53.754941"
"586","24","17","512","130791","131062","271","50.184502"
"587","25","17","512","131065","131336","271","50.184502"
"588","26","17","512","131339","131610","271","50.184502"
"589","27","17","512","131613","131884","271","50.184502"
"590","28","17","512","131887","132158","271","50.184502"
"591","29","17","512","132161","132432","271","50.184502"
"592","30","17","512","132435","132706","271","50.184502"
"593","31","17","512","132709","132980","271","50.184502"
"594","32","17","512","132983","133272","289","47.058824"
"595","0","18","512","133275","133492","217","66.359447"
"596","1","18","512","133495","133712","217","66.359447"
"597","2","18","512","133715","133932","217","66.359447"
"598","3","18","512","133935","134152","217","66.359447"
"599","4","18","512","134155","134372","217","66.359447"
"600","5","18","512","134375","134592","217","66.359447"
"601","6","18","512","134595","134812","217","66.359447"
"602","7","18","512","134815","135032","217","66.359447"
"603","8","18","512","135035","135270","235","61.276596"
"604","9","18","512","135273","135508","235","61.276596"
"605","10","18","512","135511","135746","235","61.276596"
"606","11","18","512","135749","135984","235","61.276596"
"607","12","18","512","135987","136222","235","61.276596"
"608","13","18","512","136225","136460","235","61.276596"
"609","14","18","512","136463","136698","235","61.276596"
"610","15","18","512","136701","136936","235","61.276596"
"611","16","18","512","136939","137192","253","56.916996"
"612","17","18","512","137195","137448","253","56.916996"
"613","18","18","512","137451","137704","253","56.916996"
"614","19","18","512","137707","137960","253","56.916996"
"615","20","18","512","137963","138216","253","56.916996"
"616","21","18","512","138219","138472","253","56.916996"
"617","22","18","512","138475","138728","253","56.916996"
"618","23","18","512","138731","138984","253","56.916996"
"619","24","18","512","138987","139258","271","53.136531"
"620","25","18","512","139261","139532","271","53.136531"
"621","26","18","512","139535","139806","271","53.136531"
"622","27","18","512","139809","140080","271","53.136531"
"623","28","18","512","140083","140354","271","53.136531"
"624","29","18","512","140357","140628","271","53.136531"
"625","30","18","512","140631","140902","271","53.136531"
"626","31","18","512","140905","141176","271","53.136531"
"627","32","18","512","141179","141468","289","49.82699"
"628","0","19","512","141471","141688","217","70.046083"
"629","1","19","512","141691","141908","217","70.046083"
"630","2","19","512","141911","142128","217","70.046083"
"631","3","19","512","142131","142348","217","70.046083"
"632","4","19","512","142351","142568","217","70.046083"
"633","5","19","512","142571","142788","217","70.046083"
"634","6","19","512","142791","143008","217","70.046083"
"635","7","19","512","143011","143228","217","70.046083"
"636","8","19","512","143231","143466","235","64.680851"
"637","9","19","512","143469","143704","235","64.680851"
"638","10","19","512","143707","143942","235","64.680851"
"639","11","19","512","143945","144180","235","64.680851"
"640","12","19","512","144183","144418","235","64.680851"
"641","13","19","512","144421","144656","235","64.680851"
"642","14","19","512","144659","144894","235","64.680851"
"643","15","19","512","144897","145132","235","64.680851"
"644","16","19","512","145135","145388","253","60.079051"
"645","17","19","512","145391","145644","253","60.079051"
"646","18","19","512","145647","145900","253","60.079051"
"647","19","19","512","145903","146156","253","60.079051"
"648","20","19","512","146159","146412","253","60.079051"
"649","21","19","512","146415","146668","253","60.079051"
"650","22","19","512","146671","146924","253","60.079051"
"651","23","19","512","146927","147180","253","60.079051"
"652","24","19","512","147183","147454","271","56.088561"
"653","25","19","512","147457","147728","271","56.088561"
"654","26","19","512","147731","148002","271","56.088561"
"655","27","19","512","148005","148276","271","56.088561"
"656","28","19","512","148279","148550","271","56.088561"
"657","29","19","512","148553","148824","271","56.088561"
"658","30","19","512","148827","149098","271","56.088561"
"659","31","19","512","149101","149372","271","56.088561"
"660","32","19","512","149375","149664","289","52.595156"
"661","0","20","512","149667","149884","217","73.732719"
"662","1","20","512","149887","150104","217","73.732719"
"663","2","20","512","150107","150324","217","73.732719"
"664","3","20","512","150327","150544","217","73.732719"
"665","4","20","512","150547","150764","217","73.732719"
"666","5","20","512","150767","150984","217","73.732719"
"667","6","20","512","150987","151204","217","73.732719"
"668","7","20","512","151207","151424","217","73.732719"
"669","8","20","512","151427","151662","235","68.085106"
"670","9","20","512","151665","151900","235","68.085106"
"671","10","20","512","151903","152138","235","68.085106"
"672","11","20","512","152141","152376","235","68.085106"
"673","12","20","512","152379","152614","235","68.085106"
"674","13","20","512","152617","152852","235","68.085106"
"675","14","20","512","152855","153090","235","68.085106"
"676","15","20","512","153093","153328","235","68.085106"
"677","16","20","512","153331","153584","253","63.241107"
"678","17","20","512","153587","153840","253","63.241107"
"679","18","20","512","153843","154096","253","63.241107"
"680","19","20","512","154099","154352","253","63.241107"
"681","20","20","512","154355","154608","253","63.241107"
"682","21","20","512","154611","154864","253","63.241107"
"683","22","20","512","154867","155120","253","63.241107"
"684","23","20","512","155123","155376","253","63.241107"
"685","24","20","512","155379","155650","271","59.04059"
"686","25","20","512","155653","155924","271","59.04059"
"687","26","20","512","155927","156198","271","59.04059"
"688","27","20","512","156201","156472","271","59.04059"
"689","28","20","512","156475","156746","271","59.04059"
"690","29","20","512","156749","157020","271","59.04059"
"691","30","20","512","157023","157294","271","59.04059"
"692","31","20","512","157297","157568","271","59.04059"
"693","32","20","512","157571","157860","289","55.363322"
"694","0","21","512","157863","158080","217","77.419355"
"695","1","21","512","158083","158300","217","77.419355"
"696","2","21","512","158303","158520","217","77.419355"
"697","3","21","512","158523","158740","217","77.419355"
"698","4","21","512","158743","158960","217","77.419355"
"699","5","21","512","158963","159180","217","77.419355"
"700","6","21","512","159183","159400","217","77.419355"
"701","7","21","512","159403","159620","217","77.419355"
"702","8","21","512","159623","159858","235","71.489362"
"703","9","21","512","159861","160096","235","71.489362"
"704","10","21","512","160099","160334","235","71.489362"
"705","11","21","512","160337","160572","235","71.489362"
"706","12","21","512","160575","160810","235","71.489362"
"707","13","21","512","160813","161048","235","71.489362"
"708","14","21","512","161051","161286","235","71.489362"
"709","15","21","512","161289","161524","235","71.489362"
"710","16","21","512","161527","161780","253","66.403162"
"711","17","21","512","161783","162036","253","66.403162"
"712","18","21","512","162039","162292","253","66.403162"
"713","19","21","512","162295","162548","253","66.403162"
"714","20","21","512","162551","162804","253","66.403162"
"715","21","21","512","162807","163060","253","66.403162"
"716","22","21","512","163063","163316","253","66.403162"
"717","23","21","512","163319","163572","253","66.403162"
"718","24","21","512","163575","163846","271","61.99262"
"719","25","21","512","163849","164120","271","61.99262"
"720","26","21","512","164123","164394","271","61.99262"
"721","27","21","512","164397","164668","271","61.99262"
"722","28","21","512","164671","164942","271","61.99262"
"723","29","21","512","164945","165216","271","61.99262"
"724","30","21","512","165219","165490","271","61.99262"
"725","31","21","512","165493","165764","271","61.99262"
"726","32","21","512","165767","166056","289","58.131488"
"727","0","22","512","166059","166276","217","81.105991"
"728","1","22","512","166279","166496","217","81.105991"
"729","2","22","512","166499","166716","217","81.105991"
"730","3","22","512","166719","166936","217","81.105991"
"731","4","22","512","166939","167156","217","81.105991"
"732","5","22","512","167159","167376","217","81.105991"
"733","6","22","512","167379","167596","217","81.105991"
"734","7","22","512","167599","167816","217","81.105991"
"735","8","22","512","167819","168054","235","74.893617"
"736","9","22","512","168057","168292","235","74.893617"
"737","10","22","512","168295","168530","235","74.893617"
"738","11","22","512","168533","168768","235","74.893617"
"739","12","22","512","168771","169006","235","74.893617"
"740","13","22","512","169009","169244","235","74.893617"
"741","14","22","512","169247","169482","235","74.893617"
"742","15","22","512","169485","169720","235","74.893617"
"743","16","22","512","169723","169976","253","69.565217"
"744","17","22","512","169979","170232","253","69.565217"
"745","18","22","512","170235","170488","253","69.565217"
"746","19","22","512","170491","170744","253","69.565217"
"747","20","22","512","170747","171000","253","69.565217"
"748","21","22","512","171003","171256","253","69.565217"
"749","22","22","512","171259","171512","253","69.565217"
"750","23","22","512","171515","171768","253","69.565217"
"751","24","22","512","171771","172042","271","64.944649"
"752","25","22","512","172045","172316","271","64.944649"
"753","26","22","512","172319","172590","271","64.944649"
"754","27","22","512","172593","172864","271","64.944649"
"755","28","22","512","172867","173138","271","64.944649"
"756","29","22","512","173141","173412","271","64.944649"
"757","30","22","512","173415","173686","271","64.944649"
"758","31","22","512","173689","173960","271","64.944649"
"759","32","22","512","173963","174252","289","60.899654"
"760","0","23","512","174255","174472","217","84.792627"
"761","1","23","512","174475","174692","217","84.792627"
"762","2","23","512","174695","174912","217","84.792627"
"763","3","23","512","174915","175132","217","84.792627"
"764","4","23","512","175135","175352","217","84.792627"
"765","5","23","512","175355","175572","217","84.792627"
"766","6","23","512","175575","175792","217","84.792627"
"767","7","23","512","175795","176012","217","84.792627"
"768","8","23","512","176015","176250","235","78.297872"
"769","9","23","512","176253","176488","235","78.297872"
"770","10","23","512","176491","176726","235","78.297872"
"771","11","23","512","176729","176964","235","78.297872"
"772","12","23","512","176967","177202","235","78.297872"
"773","13","23","512","177205","177440","235","78.297872"
"774","14","23","512","177443","177678","235","78.297872"
"775","15","23","512","177681","177916","235","78.297872"
"776","16","23","512","177919","178172","253","72.727273"
"777","17","23","512","178175","178428","253","72.727273"
"778","18","23","512","178431","178684","253","72.727273"
"779","19","23","512","178687","178940","253","72.727273"
"780","20","23","512","178943","179196","253","72.727273"
"781","21","23","512","179199","179452","253","72.727273"
"782","22","23","512","179455","179708","253","72.727273"
"783","23","23","512","179711","179964","253","72.727273"
"784","24","23","512","179967","180238","271","67.896679"
"785","25","23","512","180241","180512","271","67.896679"
"786","26","23","512","180515","180786","271","67.896679"
"787","27","23","512","180789","181060","271","67.896679"
"788","28","23","512","181063","181334","271","67.896679"
"789","29","23","512","181337","181608","271","67.896679"
"790","30","23","512","181611","181882","271","67.896679"
"791","31","23","512","181885","182156","271","67.896679"
"792","32","23","512","182159","182448","289","63.66782"
"793","0","24","512","182451","182686","235","81.702128"
"794","1","24","512","182689","182924","235","81.702128"
"795","2","24","512","182927","183162","235","81.702128"
"796","3","24","512","183165","183400","235","81.702128"
"797","4","24","512","183403","183638","235","81.702128"
"798","5","24","512","183641","183876","235","81.702128"
"799","6","24","512","183879","184114","235","81.702128"
"800","7","24","512","184117","184352","235","81.702128"
"801","8","24","512","184355","184608","253","75.889328"
"802","9","24","512","184611","184864","253","75.889328"
"803","10","24","512","184867","185120","253","75.889328"
"804","11","24","512","185123","185376","253","75.889328"
"805","12","24","512","185379","185632","253","75.889328"
"806","13","24","512","185635","185888","253","75.889328"
"807","14","24","512","185891","186144","253","75.889328"
"808","15","24","512","186147","186400","253","75.889328"
"809","16","24","512","186403","186674","271","70.848708"
"810","17","24","512","186677","186948","271","70.848708"
"811","18","24","512","186951","187222","271","70.848708"
"812","19","24","512","187225","187496","271","70.848708"
"813","20","24","512","187499","187770","271","70.848708"
"814","21","24","512","187773","188044","271","70.848708"
"815","22","24","512","188047","188318","271","70.848708"
"816","23","24","512","188321","188592","271","70.848708"
"817","24","24","512","188595","188884","289","66.435986"
"818","25","24","512","188887","189176","289","66.435986"
"819","26","24","512","189179","189468","289","66.435986"
"820","27","24","512","189471","189760","289","66.435986"
"821","28","24","512","189763","190052","289","66.435986"
"822","29","24","512","190055","190344","289","66.435986"
"823","30","24","512","190347","190636","289","66.435986"
"824","31","24","512","190639","190928","289","66.435986"
"825","32","24","512","190931","191238","307","62.540717"
"826","0","25","512","191241","191476","235","85.106383"
"827","1","25","512","191479","191714","235","85.106383"
"828","2","25","512","191717","191952","235","85.106383"
"829","3","25","512","191955","192190","235","85.106383"
"830","4","25","512","192193","192428","235","85.106383"
"831","5","25","512","192431","192666","235","85.106383"
"832","6","25","512","192669","192904","235","85.106383"
"833","7","25","512","192907","193142","235","85.106383"
"834","8","25","512","193145","193398","253","79.051383"
"835","9","25","512","193401","193654","253","79.051383"
"836","10","25","512","193657","193910","253","79.051383"
"837","11","25","512","193913","194166","253","79.051383"
"838","12","25","512","194169","194422","253","79.051383"
"839","13","25","512","194425","194678","253","79.051383"
"840","14","25","512","194681","194934","253","79.051383"
"841","15","25","512","194937","195190","253","79.051383"
"842","16","25","512","195193","195464","271","73.800738"
"843","17","25","512","195467","195738","271","73.800738"
"844","18","25","512","195741","196012","271","73.800738"
"845","19","25","512","196015","196286","271","73.800738"
"846","20","25","512","196289","196560","271","73.800738"
"847","21","25","512","196563","196834","271","73.800738"
"848","22","25","512","196837","197108","271","73.800738"
"849","23","25","512","197111","197382","271","73.800738"
"850","24","25","512","197385","197674","289","69.204152"
"851","25","25","512","197677","197966","289","69.204152"
"852","26","25","512","197969","198258","289","69.204152"
"853","27","25","512","198261","198550","289","69.204152"
"854","28","25","512","198553","198842","289","69.204152"
"855","29","25","512","198845","199134","289","69.204152"
"856","30","25","512","199137","199426","289","69.204152"
"857","31","25","512","199429","199718","289","69.204152"
"858","32","25","512","199721","200028","307","65.14658"
"859","0","26","512","200031","200266","235","88.510638"
"860","1","26","512","200269","200504","235","88.510638"
"861","2","26","512","200507","200742","235","88.510638"
"862","3","26","512","200745","200980","235","88.510638"
"863","4","26","512","200983","201218","235","88.510638"
"864","5","26","512","201221","201456","235","88.510638"
"865","6","26","512","201459","201694","235","88.510638"
"866","7","26","512","201697","201932","235","88.510638"
"867","8","26","512","201935","202188","253","82.213439"
"868","9","26","512","202191","202444","253","82.213439"
"869","10","26","512","202447","202700","253","82.213439"
"870","11","26","512","202703","202956","253","82.213439"
"871","12","26","512","202959","203212","253","82.213439"
"872","13","26","512","203215","203468","253","82.213439"
"873","14","26","512","203471","203724","253","82.213439"
"874","15","26","512","203727","203980","253","82.213439"
"875","16","26","512","203983","204254","271","76.752768"
"876","17","26","512","204257","204528","271","76.752768"
"877","18","26","512","204531","204802","271","76.752768"
"878","19","26","512","204805","205076","271","76.752768"
"879","20","26","512","205079","205350","271","76.752768"
"880","21","26","512","205353","205624","271","76.752768"
"881","22","26","512","205627","205898","271","76.752768"
"882","23","26","512","205901","206172","271","76.752768"
"883","24","26","512","206175","206464","289","71.972318"
"884","25","26","512","206467","206756","289","71.972318"
"885","26","26","512","206759","207048","289","71.972318"
"886","27","26","512","207051","207340","289","71.972318"
"887","28","26","512","207343","207632","289","71.972318"
"888","29","26","512","207635","207924","289","71.972318"
"889","30","26","512","207927","208216","289","71.972318"
"890","31","26","512","208219","208508","289","71.972318"
"891","32","26","512","208511","208818","307","67.752443"
"892","0","27","512","208821","209056","235","91.914894"
"893","1","27","512","209059","209294","235","91.914894"
"894","2","27","512","209297","209532","235","91.914894"
"895","3","27","512","209535","209770","235","91.914894"
"896","4","27","512","209773","210008","235","91.914894"
"897","5","27","512","210011","210246","235","91.914894"
"898","6","27","512","210249","210484","235","91.914894"
"899","7","27","512","210487","210722","235","91.914894"
"900","8","27","512","210725","210978","253","85.375494"
"901","9","27","512","210981","211234","253","85.375494"
"902","10","27","512","211237","211490","253","85.375494"
"903","11","27","512","211493","211746","253","85.375494"
"904","12","27","512","211749","212002","253","85.375494"
"905","13","27","512","212005","212258","253","85.375494"
"906","14","27","512","212261","212514","253","85.375494"
"907","15","27","512","212517","212770","253","85.375494"
"908","16","27","512","212773","213044","271","79.704797"
"909","17","27","512","213047","213318","271","79.704797"
"910","18","27","512","213321","213592","271","79.704797"
"911","19","27","512","213595","213866","271","79.704797"
"912","20","27","512","213869","214140","271","79.704797"
"913","21","27","512","214143","214414","271","79.704797"
"914","22","27","512","214417","214688","271","79.704797"
"915","23","27","512","214691","214962","271","79.704797"
"916","24","27","512","214965","215254","289","74.740484"
"917","25","27","512","215257","215546","289","74.740484"
"918","26","27","512","215549","215838","289","74.740484"
"919","27","27","512","215841","216130","289","74.740484"
"920","28","27","512","216133","216422","289","74.740484"
"921","29","27","512","216425","216714","289","74.740484"
"922","30","27","512","216717","217006","289","74.740484"
"923","31","27","512","217009","217298","289","74.740484"
"924","32","27","512","217301","217608","307","70.358306"
"925","0","28","512","217611","217846","235","95.319149"
"926","1","28","512","217849","218084","235","95.319149"
"927","2","28","512","218087","218322","235","95.319149"
"928","3","28","512","218325","218560","235","95.319149"
"929","4","28","512","218563","218798","235","95.319149"
"930","5","28","512","218801","219036","235","95.319149"
"931","6","28","512","219039","219274","235","95.319149"
"932","7","28","512","219277","219512","235","95.319149"
"933","8","28","512","219515","219768","253","88.537549"
"934","9","28","512","219771","220024","253","88.537549"
"935","10","28","512","220027","220280","253","88.537549"
"936","11","28","512","220283","220536","253","88.537549"
"937","12","28","512","220539","220792","253","88.537549"
"938","13","28","512","220795","221048","253","88.537549"
"939","14","28","512","221051","221304","253","88.537549"
"940","15","28","512","221307","221560","253","88.537549"
"941","16","28","512","221563","221834","271","82.656827"
"942","17","28","512","221837","222108","271","82.656827"
"943","18","28","512","222111","222382","271","82.656827"
"944","19","28","512","222385","222656","271","82.656827"
"945","20","28","512","222659","222930","271","82.656827"
"946","21","28","512","222933","223204","271","82.656827"
"947","22","28","512","223207","223478","271","82.656827"
"948","23","28","512","223481","223752","271","82.656827"
"949","24","28","512","223755","224044","289","77.508651"
"950","25","28","512","224047","224336","289","77.508651"
"951","26","28","512","224339","224628","289","77.508651"
"952","27","28","512","224631","224920","289","77.508651"
"953","28","28","512","224923","225212","289","77.508651"
"954","29","28","512","225215","225504","289","77.508651"
"955","30","28","512","225507","225796","289","77.508651"
"956","31","28","512","225799","226088","289","77.508651"
"957","32","28","512","226091","226398","307","72.964169"
"958","0","29","512","226401","226636","235","98.723404"
"959","1","29","512","226639","226874","235","98.723404"
"960","2","29","512","226877","227112","235","98.723404"
"961","3","29","512","227115","227350","235","98.723404"
"962","4","29","512","227353","227588","235","98.723404"
"963","5","29","512","227591","227826","235","98.723404"
"964","6","29","512","227829","228064","235","98.723404"
"965","7","29","512","228067","228302","235","98.723404"
"966","8","29","512","228305","228558","253","91.699605"
"967","9","29","512","228561","228814","253","91.699605"
"968","10","29","512","228817","229070","253","91.699605"
"969","11","29","512","229073","229326","253","91.699605"
"970","12","29","512","229329","229582","253","91.699605"
"971","13","29","512","229585","229838","253","91.699605"
"972","14","29","512","229841","230094","253","91.699605"
"973","15","29","512","230097","230350","253","91.699605"
"974","16","29","512","230353","230624","271","85.608856"
"975","17","29","512","230627","230898","271","85.608856"
"976","18","29","512","230901","231172","271","85.608856"
"977","19","29","512","231175","231446","271","85.608856"
"978","20","29","512","231449","231720","271","85.608856"
"979","21","29","512","231723","231994","271","85.608856"
"980","22","29","512","231997","232268","271","85.608856"
"981","23","29","512","232271","232542","271","85.608856"
"982","24","29","512","232545","232834","289","80.276817"
"983","25","29","512","232837","233126","289","80.276817"
"984","26","29","512","233129","233418","289","80.276817"
"985","27","29","512","233421","233710","289","80.276817"
"986","28","29","512","233713","234002","289","80.276817"
"987","29","29","512","234005","234294","289","80.276817"
"988","30","29","512","234297","234586","289","80.276817"
"989","31","29","512","234589","234878","289","80.276817"
"990","32","29","512","234881","235188","307","75.570033"
"991","0","30","512","235191","235426","235","102.12766"
"992","1","30","512","235429","235664","235","102.12766"
"993","2","30","512","235667","235902","235","102.12766"
"994","3","30","512","235905","236140","235","102.12766"
"995","4","30","512","236143","236378","235","102.12766"
"996","5","30","512","236381","236616","235","102.12766"
"997","6","30","512","236619","236854","235","102.12766"
"998","7","30","512","236857","237092","235","102.12766"
"999","8","30","512","237095","237348","253","94.86166"
"1000","9","30","512","237351","237604","253","94.86166"
"1001","10","30","512","237607","237860","253","94.86166"
"1002","11","30","512","237863","238116","253","94.86166"
"1003","12","30","512","238119","238372","253","94.86166"
"1004","13","30","512","238375","238628","253","94.86166"
"1005","14","30","512","238631","238884","253","94.86166"
"1006","15","30","512","238887","239140","253","94.86166"
"1007","16","30","512","239143","239414","271","88.560886"
"1008","17","30","512","239417","239688","271","88.560886"
"1009","18","30","512","239691","239962","271","88.560886"
"1010","19","30","512","239965","240236","271","88.560886"
"1011","20","30","512","240239","240510","271","88.560886"
"1012","21","30","512","240513","240784","271","88.560886"
"1013","22","30","512","240787","241058","271","88.560886"
"1014","23","30","512","241061","241332","271","88.560886"
"1015","24","30","512","241335","241624","289","83.044983"
"1016","25","30","512","241627","241916","289","83.044983"
"1017","26","30","512","241919","242208","289","83.044983"
"1018","27","30","512","242211","242500","289","83.044983"
"1019","28","30","512","242503","242792","289","83.044983"
"1020","29","30","512","242795","243084","289","83.044983"
"1021","30","30","512","243087","243376","289","83.044983"
"1022","31","30","512","243379","243668","289","83.044983"
"1023","32","30","512","243671","243978","307","78.175896"
"1024","0","31","512","243981","244216","235","105.531915"
"1025","1","31","512","244219","244454","235","105.531915"
"1026","2","31","512","244457","244692","235","105.531915"
"1027","3","31","512","244695","244930","235","105.531915"
"1028","4","31","512","244933","245168","235","105.531915"
"1029","5","31","512","245171","245406","235","105.531915"
"1030","6","31","512","245409","245644","235","105.531915"
"1031","7","31","512","245647","245882","235","105.531915"
"1032","8","31","512","245885","246138","253","98.023715"
"1033","9","31","512","246141","246394","253","98.023715"
"1034","10","31","512","246397","246650","253","98.023715"
"1035","11","31","512","246653","246906","253","98.023715"
"1036","12","31","512","246909","247162","253","98.023715"
"1037","13","31","512","247165","247418","253","98.023715"
"1038","14","31","512","247421","247674","253","98.023715"
"1039","15","31","512","247677","247930","253","98.023715"
"1040","16","31","512","247933","248204","271","91.512915"
"1041","17","31","512","248207","248478","271","91.512915"
"1042","18","31","512","248481","248752","271","91.512915"
"1043","19","31","512","248755","249026","271","91.512915"
"1044","20","31","512","249029","249300","271","91.512915"
"1045","21","31","512","249303","249574","271","91.512915"
"1046","22","31","512","249577","249848","271","91.512915"
"1047","23","31","512","249851","250122","271","91.512915"
"1048","24","31","512","250125","250414","289","85.813149"
"1049","25","31","512","250417","250706","289","85.813149"
"1050","26","31","512","250709","250998","289","85.813149"
"1051","27","31","512","251001","251290","289","85.813149"
"1052","28","31","512","251293","251582","289","85.813149"
"1053","29","31","512","251585","251874","289","85.813149"
"1054","30","31","512","251877","252166","289","85.813149"
"1055","31","31","512","252169","252458","289","85.813149"
"1056","32","31","512","252461","252768","307","80.781759"
"1057","0","32","512","252771","253024","253","101.185771"
"1058","1","32","512","253027","253280","253","101.185771"
"1059","2","32","512","253283","253536","253","101.185771"
"1060","3","32","512","253539","253792","253","101.185771"
"1061","4","32","512","253795","254048","253","101.185771"
"1062","5","32","512","254051","254304","253","101.185771"
"1063","6","32","512","254307","254560","253","101.185771"
"1064","7","32","512","254563","254816","253","101.185771"
"1065","8","32","512","254819","255090","271","94.464945"
"1066","9","32","512","255093","255364","271","94.464945"
"1067","10","32","512","255367","255638","271","94.464945"
"1068","11","32","512","255641","255912","271","94.464945"
"1069","12","32","512","255915","256186","271","94.464945"
"1070","13","32","512","256189","256460","271","94.464945"
"1071","14","32","512","256463","256734","271","94.464945"
"1072","15","32","512","256737","257008","271","94.464945"
"1073","16","32","512","257011","257300","289","88.581315"
"1074","17","32","512","257303","257592","289","88.581315"
"1075","18","32","512","257595","257884","289","88.581315"
"1076","19","32","512","257887","258176","289","88.581315"
"1077","20","32","512","258179","258468","289","88.581315"
"1078","21","32","512","258471","258760","289","88.581315"
"1079","22","32","512","258763","259052","289","88.581315"
"1080","23","32","512","259055","259344","289","88.581315"
"1081","24","32","512","259347","259654","307","83.387622"
"1082","25","32","512","259657","259964","307","83.387622"
"1083","26","32","512","259967","260274","307","83.387622"
"1084","27","32","512","260277","260584","307","83.387622"
"1085","28","32","512","260587","260894","307","83.387622"
"1086","29","32","512","260897","261204","307","83.387622"
"1087","30","32","512","261207","261514","307","83.387622"
"1088","31","32","512","261517","261824","307","83.387622"
"1089","32","32","512","261827","262152","325","78.769231"
